Vrijednosti izracuna:,
______________________________________________________

Z,i,Duzina temelja, Sirina temelja, Dubina mjerenja, Vrijeme
 , ,  44,44,88,7/5/2020 5:05:53 AM
__________________
0,0.25
1,0.249997799575143
2,0.249982431713167
3,0.249940903641456
4,0.249860567772881
5,0.249729284099472
6,0.249535570785221
7,0.249268739727716
8,0.248919014409846
9,0.248477627992932
10,0.247936900278632
11,0.24729029285546
12,0.246532442415119
13,0.24565917284576
14,0.244667487260538
15,0.243555541583099
16,0.242322601675909
17,0.240968986257943
18,0.239495998016203
19,0.237905845376785
20,0.236201557375655
21,0.234386893969386
22,0.232466253966111
23,0.230444582551504
24,0.228327280148181
25,0.226120114092831
26,0.223829134355565
27,0.221460594270324
28,0.219020877001879
29,0.216516428249915
30,0.213953695488172
31,0.211339073859128
32,0.208678858693299
33,0.205979204496795
34,0.203246090150254
35,0.200485289985006
36,0.197702350346095
37,0.194902571214144
38,0.19209099243652
39,0.189272384110222
40,0.186451240662014
41,0.18363177818325
42,0.18081793459563
43,0.17801337224784
44,0.175221482570299
45,0.172445392444554
46,0.169687971974271
47,0.166951843375296
48,0.164239390732288
49,0.161552770398343
50,0.158893921841505
51,0.156264578767808
52,0.15366628037435
53,0.151100382607753
54,0.148568069323237
55,0.146070363257424
56,0.143608136743933
57,0.141182122115012
58,0.138792921744871
59,0.136441017701225
60,0.134126780980978
61,0.131850480314017
62,0.129612290525944
63,0.1274123004564
64,0.125250520434402
65,0.123126889316152
66,0.12104128109395
67,0.118993511087491
68,0.116983341730778
69,0.115010487969446
70,0.113074622284415
71,0.111175379358505
72,0.109312360403146
73,0.107485137162503
74,0.105693255612334
75,0.103936239370742
76,0.10221359283766
77,0.100524804079514
78,0.0988693474749747
79,0.097246686137183
80,0.0956562741271845
81,0.0940975584726967
82,0.092569981005645
83,0.0910729800312437
84,0.0896059918407204
85,0.0881684520791147
86,0.0867597969789267
87,0.0853794644697492
88,0.0840268951733992
______________________________________________________


Z,i,Duzina temelja, Sirina temelja, Dubina mjerenja, Vrijeme
 , ,  11,11,33,7/5/2020 5:06:01 AM
__________________
0,0.25
0.5,0.249982431713167
1,0.249860567772881
1.5,0.249535570785221
2,0.248919014409846
2.5,0.247936900278632
3,0.246532442415119
3.5,0.244667487260538
4,0.242322601675909
4.5,0.239495998016203
5,0.236201557375655
5.5,0.232466253966111
6,0.228327280148181
6.5,0.223829134355565
7,0.219020877001879
7.5,0.213953695488172
8,0.208678858693299
8.5,0.203246090150254
9,0.197702350346095
9.5,0.19209099243652
10,0.186451240662014
10.5,0.18081793459563
11,0.175221482570299
11.5,0.169687971974271
12,0.164239390732288
12.5,0.158893921841505
13,0.15366628037435
13.5,0.148568069323237
14,0.143608136743933
14.5,0.138792921744871
15,0.134126780980978
15.5,0.129612290525944
16,0.125250520434402
16.5,0.12104128109395
17,0.116983341730778
17.5,0.113074622284415
18,0.109312360403146
18.5,0.105693255612334
19,0.10221359283766
19.5,0.0988693474749747
20,0.0956562741271845
20.5,0.092569981005645
21,0.0896059918407204
21.5,0.0867597969789267
22,0.0840268951733992
22.5,0.0814028274075976
23,0.0788832039339199
23.5,0.0764637255620119
24,0.0741402000974502
24.5,0.0719085547106047
25,0.0697648449076611
25.5,0.0677052606804121
26,0.0657261303276579
26.5,0.0638239223679155
27,0.0619952458996043
27.5,0.0602368497099175
28,0.0585456203862531
28.5,0.0569185796434248
29,0.0553528810450843
29.5,0.0538458062680943
30,0.0523947610333134
30.5,0.0509972708047979
31,0.0496509763412479
31.5,0.0483536291681711
32,0.047103087026291
32.5,0.04589730934085
33,0.0447343527473308
______________________________________________________


Z,i,Duzina temelja, Sirina temelja, Dubina mjerenja, Vrijeme
 , ,  32,22,22,7/24/2020 12:18:09 AM
__________________
0,0.25
0.5,0.249998502582944
1,0.249988041356687
1.5,0.249959755490796
2,0.249904987858876
2.5,0.249815381340109
3,0.249682968688663
3.5,0.249500254194047
4,0.249260285643937
4.5,0.248956715431282
5,0.24858385000279
5.5,0.248136687209149
6,0.247610941472131
6.5,0.247003057015565
7,0.246310209703819
7.5,0.24553029828383
8,0.24466192602892
8.5,0.243704373931885
9,0.242657566691298
9.5,0.241522032781395
10,0.240298859896875
10.5,0.238989647025769
11,0.237596454332971
11.5,0.23612175194166
12,0.234568368586678
12.5,0.232939440989916
13,0.231238364678846
13.5,0.229468746840689
14,0.227634361680628
14.5,0.225739108636018
15,0.22378697369223
15.5,0.221781993950883
16,0.219728225518628
16.5,0.217629714714473
17,0.215490472535571
17.5,0.213314452274669
18,0.211105530146322
18.5,0.208867488752146
19,0.206604003196951
19.5,0.2043186296562
20,0.202014796189826
20.5,0.199695795596949
21,0.197364780109484
21.5,0.195024757729109
22,0.192678590020859
______________________________________________________


Z,i,Duzina temelja, Sirina temelja, Dubina mjerenja, Vrijeme
 , ,  32,21,42,7/24/2020 8:32:10 PM
__________________
0,0.25
0.333333333333333,0.249999503186787
0.666666666666667,0.249996028854287
1,0.24998661624424
1.33333333333333,0.249968337939494
1.66666666666667,0.249938316085517
2,0.249893738082207
2.33333333333333,0.249831871584429
2.66666666666667,0.249750078662044
3,0.249645828984921
3.33333333333333,0.249516711915258
3.66666666666667,0.249360447407952
4,0.249174895639316
4.33333333333333,0.248958065304721
4.66666666666667,0.24870812054614
5,0.248423386490825
5.33333333333333,0.24810235340182
5.66666666666667,0.247743679459529
6,0.247346192210624
6.33333333333333,0.246908888736032
6.66666666666666,0.246430934603325
7,0.245911661680431
7.33333333333333,0.245350564897068
7.66666666666666,0.24474729804773
8,0.24410166873533
8.33333333333333,0.243413632557976
8.66666666666666,0.242683286642722
9,0.241910862629923
9.33333333333333,0.241096719209878
9.66666666666667,0.24024133431031
10,0.23934529702878
10.3333333333333,0.238409299398834
10.6666666666667,0.237434128072574
11,0.236420655995665
11.3333333333333,0.235369834143781
11.6666666666667,0.234282683382224
12,0.233160286503126
12.3333333333333,0.232003780487434
12.6666666666667,0.230814349031788
13,0.229593215373628
13.3333333333333,0.228341635441454
13.6666666666667,0.227060891351103
14,0.225752285263391
14.3333333333333,0.224417133613332
14.6666666666667,0.223056761716583
15,0.221672498754639
15.3333333333333,0.220265673136716
15.6666666666667,0.218837608233099
16,0.217389618472074
16.3333333333333,0.215923005790281
16.6666666666667,0.214439056424509
17,0.212939038031423
17.3333333333333,0.211424197120604
17.6666666666667,0.209895756785408
18,0.208354914715592
18.3333333333333,0.206802841475302
18.6666666666667,0.205240679029895
19,0.203669539505124
19.3333333333333,0.202090504162387
19.6666666666667,0.200504622574123
20,0.198912911983805
20.3333333333333,0.197316356835563
20.6666666666667,0.195715908458996
21,0.19411248489542
21.3333333333333,0.192506970852423
21.6666666666667,0.190900217774312
22,0.189293044016745
22.3333333333333,0.187686235114525
22.6666666666667,0.186080544132256
23,0.184476692088249
23.3333333333333,0.182875368442718
23.6666666666667,0.181277231641988
24,0.179682909711052
24.3333333333333,0.17809300088741
24.6666666666666,0.176508074289717
25,0.174928670615291
25.3333333333333,0.173355302861067
25.6666666666666,0.17178845706306
26,0.170228593049851
26.3333333333333,0.168676145206054
26.6666666666666,0.167131523242108
27,0.1655951129671
27.3333333333333,0.164067277061698
27.6666666666666,0.162548355848568
28,0.161038668057946
28.3333333333333,0.159538511586314
28.6666666666666,0.158048164246375
29,0.156567884506759
29.3333333333333,0.155097912220077
29.6666666666666,0.153638469338165
30,0.152189760613504
30.3333333333333,0.150751974285983
30.6666666666666,0.149325282754301
31,0.147909843231437
31.3333333333333,0.146505798383744
31.6666666666666,0.145113276953318
32,0.14373239436339
32.3333333333333,0.142363253306581
32.6666666666666,0.141005944315924
33,0.139660546318649
33.3333333333333,0.138327127172743
33.6666666666666,0.137005744186409
34,0.135696444620543
34.3333333333333,0.134399266174412
34.6666666666666,0.133114237454764
35,0.131841378428598
35.3333333333333,0.130580700859885
35.6666666666666,0.129332208730528
36,0.128095898645875
36.3333333333333,0.12687176022513
36.6666666666667,0.125659776476988
37,0.124459924160868
37.3333333333333,0.123272174134089
37.6666666666667,0.122096491685375
38,0.120932836855049
38.3333333333333,0.119781164742294
38.6666666666667,0.118641425799863
39,0.117513566116604
39.3333333333333,0.116397527688177
39.6666666666667,0.115293248676337
40,0.114200663657144
40.3333333333333,0.113119703858469
40.6666666666667,0.112050297387138
41,0.110992369446092
41.3333333333334,0.109945842541879
41.6666666666667,0.108910636682837
42,0.107886669568287
______________________________________________________


Z,i,Duzina temelja, Sirina temelja, Dubina mjerenja, Vrijeme
 , ,  32,22,44,7/24/2020 8:41:02 PM
__________________
0,0.25
0.5,0.249998502582944
1,0.249988041356687
1.5,0.249959755490796
2,0.249904987858876
2.5,0.249815381340109
3,0.249682968688663
3.5,0.249500254194047
4,0.249260285643937
4.5,0.248956715431282
5,0.24858385000279
5.5,0.248136687209149
6,0.247610941472131
6.5,0.247003057015565
7,0.246310209703819
7.5,0.24553029828383
8,0.24466192602892
8.5,0.243704373931885
9,0.242657566691298
9.5,0.241522032781395
10,0.240298859896875
10.5,0.238989647025769
11,0.237596454332971
11.5,0.23612175194166
12,0.234568368586678
12.5,0.232939440989916
13,0.231238364678846
13.5,0.229468746840689
14,0.227634361680628
14.5,0.225739108636018
15,0.22378697369223
15.5,0.221781993950883
16,0.219728225518628
16.5,0.217629714714473
17,0.215490472535571
17.5,0.213314452274669
18,0.211105530146322
18.5,0.208867488752146
19,0.206604003196951
19.5,0.2043186296562
20,0.202014796189826
20.5,0.199695795596949
21,0.197364780109484
21.5,0.195024757729109
22,0.192678590020859
22.5,0.190328991187059
23,0.18797852825679
23.5,0.185629622238221
24,0.183284550093536
24.5,0.18094544740847
25,0.178614311640548
25.5,0.176293005841711
26,0.173983262762031
26.5,0.171686689251584
27,0.169404770887241
27.5,0.167138876760024
28,0.164890264366934
28.5,0.162660084558581
29,0.160449386500776
29.5,0.158259122614334
30,0.156090153462836
30.5,0.153943252563014
31,0.151819111096755
31.5,0.149718342507606
32,0.147641486968037
32.5,0.14558901570673
33,0.143561335187721
33.5,0.141558791135538
34,0.13958167240239
34.5,0.137630214675158
35,0.135704604021382
35.5,0.133804980274654
36,0.131931440260841
36.5,0.130084040867439
37,0.128262801959045
37.5,0.126467709142531
38,0.124698716385951
38.5,0.122955748495566
39,0.12123870345568
39.5,0.119547454636131
40,0.117881852872462
40.5,0.116241728423847
41,0.114626892813889
41.5,0.113037140559407
42,0.111472250792278
42.5,0.109931988779334
43,0.108416107345229
43.5,0.106924348203074
44,0.105456443197517
______________________________________________________


Vrijednosti Rubne točke zadanog temelja
Z,i,Duzina temelja, Sirina temelja, Dubina mjerenja, Vrijeme
 , ,  44,33,165,7/25/2020 7:09:01 PM
__________________
0,0.25
0.5,0.249999528416324
1,0.249996230237493
1.5,0.249987293372727
2,0.249969934599905
2.5,0.249941413651949
3,0.249899046892007
3.5,0.249840220450774
4,0.249762402707836
4.5,0.249663156009288
5,0.249540147525657
5.5,0.24939115916723
6,0.249214096487838
6.5,0.249006996522753
7,0.248768034521224
7.5,0.248495529549087
8,0.248187948951502
8.5,0.247843911679907
9,0.247462190500567
9.5,0.247041713114389
10,0.24658156222876
10.5,0.246080974632033
11,0.24553933932972
11.5,0.244956194808495
12,0.244331225499656
12.5,0.243664257517884
13,0.242955253753861
13.5,0.242204308400794
14,0.241411640995093
14.5,0.240577590050597
15,0.239702606363858
15.5,0.238787246065257
16,0.237832163487271
16.5,0.236838103917139
17,0.235805896296646
17.5,0.23473644592684
18,0.233630727230406
18.5,0.232489776619143
19,0.231314685508714
19.5,0.230106593517612
20,0.228866681882143
20.5,0.227596167114309
21,0.22629629492475
21.5,0.224968334428466
22,0.223613572646885
22.5,0.222233309316033
23,0.220828852007023
23.5,0.219401511561941
24,0.217952597845359
24.5,0.216483415809178
25,0.214995261866319
25.5,0.213489420566884
26,0.211967161568781
26.5,0.210429736893478
27,0.208878378456438
27.5,0.207314295860926
28,0.205738674443202
28.5,0.204152673556646
29,0.202557425082042
29.5,0.200954032151081
30,0.199343568070119
30.5,0.197727075431291
31,0.196105565398255
31.5,0.194480017154109
32,0.192851377499325
32.5,0.191220560587943
33,0.189588447790676
33.5,0.187955887674035
34,0.186323696085077
34.5,0.184692656331861
35,0.183063519450225
35.5,0.181437004547985
36,0.17981379921822
36.5,0.178194560013755
37,0.17657991297551
37.5,0.174970454207836
38,0.173366750494459
38.5,0.171769339949098
39,0.170178732695282
39.5,0.16859541157029
40,0.167019832848577
40.5,0.165452426980409
41,0.163893599341807
41.5,0.162343730992238
42,0.16080317943684
42.5,0.15927227939023
43,0.157751343539286
43.5,0.15624066330252
44,0.154740509583926
44.5,0.153251133519426
45,0.151772767214246
45.5,0.150305624469748
46,0.148849901498452
46.5,0.147405777626125
47,0.145973415980003
47.5,0.144552964162317
48,0.143144554908471
48.5,0.141748306729308
49,0.140364324537026
49.5,0.138992700254393
50,0.13763351340703
50.5,0.136286831698575
51,0.13495271156864
51.5,0.133631198733536
52,0.132322328709805
52.5,0.131026127320622
53,0.129742611185231
53.5,0.128471788191564
54,0.127213657952267
54.5,0.125968212244375
55,0.124735435432908
55.5,0.123515304878679
56,0.122307791330633
56.5,0.121112859303053
57,0.119930467437967
57.5,0.118760568853133
58,0.117603111475954
58.5,0.116458038363696
59,0.115325288010407
59.5,0.114204794640887
60,0.113096488492128
60.5,0.112000296082571
61,0.110916140469592
61.5,0.109843941495573
62,0.10878361602295
62.5,0.107735078158602
63,0.106698239467939
63.5,0.105673009179072
64,0.104659294377391
64.5,0.103657000190925
65,0.102666029966799
65.5,0.101686285439145
66,0.100717666888767
66.5,0.0997600732949023
67,0.0988134024793628
67.5,0.0978775512433743
68,0.0969524154973981
68.5,0.0960378903842181
69,0.0951338703955704
69.5,0.09424024948258
70,0.0933569211602638
70.5,0.092483778606349
71,0.0916207147546483
71.5,0.0907676223832258
72,0.0899243941975781
72.5,0.0890909229090494
73,0.0882671013086891
73.5,0.087452822336755
74,0.086647979148057
74.5,0.0858524651733283
75,0.0850661741768057
75.5,0.0842890003101924
76,0.0835208381631698
76.5,0.0827615828106202
77,0.0820111298567138
77.5,0.0812693754760087
78,0.0805362164517061
78.5,0.0798115502111967
79,0.0790952748590311
79.5,0.0783872892074367
80,0.0776874928045054
80.5,0.0769957859601643
81,0.076312069770041
81.5,0.0756362461373306
82,0.0749682177927637
82.5,0.0743078883127739
83,0.0736551621359565
83.5,0.0730099445779087
84,0.0723721418445342
84.5,0.0717416610438952
85,0.0711184101966876
85.5,0.0705022982454154
86,0.069893235062333
86.5,0.0692911314562249
87,0.0686958991780854
87.5,0.0681074509257619
88,0.0675257003476182
88.5,0.0669505620452764
89,0.0663819515754881
89.5,0.0658197854511882
90,0.0652639811417781
90.5,0.0647144570726858
91,0.0641711326242462
91.5,0.0636339281299429
92,0.063102764874054
92.5,0.0625775650887361
93,0.0620582519505867
93.5,0.0615447495767158
94,0.0610369830203617
94.5,0.0605348782660819
95,0.0600383622245475
95.5,0.0595473627269699
96,0.0590618085191868
96.5,0.0585816292554325
97,0.0581067554918161
97.5,0.0576371186795314
98,0.0571726511578187
98.5,0.0567132861467013
99,0.056258957739513
99.5,0.0558096008952384
100,0.0553651514306807
100.5,0.0549255460124752
101,0.0544907221489633
101.5,0.0540606181819426
102,0.0536351732783057
102.5,0.0532143274215827
103,0.0527980214033985
103.5,0.0523861968148571
104,0.0519787960378644
104.5,0.0515757622363995
105,0.0511770393477448
105.5,0.0507825720736835
106,0.0503923058716741
106.5,0.0500061869460103
107,0.0496241622389723
107.5,0.0492461794219793
108,0.0488721868867479
108.5,0.0485021337364644
109,0.0481359697769755
109.5,0.0477736455080044
110,0.0474151121143968
110.5,0.0470603214574015
111,0.0467092260659912
111.5,0.0463617791282262
112,0.0460179344826666
112.5,0.0456776466098357
113,0.0453408706237378
113.5,0.0450075622634346
114,0.0446776778846819
114.5,0.0443511744516307
115,0.0440280095285931
115.5,0.0437081412718779
116,0.0433915284216955
116.5,0.0430781302941353
117,0.0427679067732179
117.5,0.0424608183030213
118,0.0421568258798856
118.5,0.0418558910446942
119,0.0415579758752361
119.5,0.0412630429786467
120,0.0409710554839307
120.5,0.0406819770345664
121,0.0403957717811927
121.5,0.0401124043743786
122,0.0398318399574763
122.5,0.0395540441595581
123,0.039278983088437
123.5,0.0390066233237713
124,0.0387369319102534
124.5,0.0384698763508834
125,0.0382054246003253
125.5,0.0379435450583489
126,0.037684206563354
126.5,0.0374273783859794
127,0.0371730302227942
127.5,0.0369211321900723
128,0.0366716548176502
128.5,0.0364245690428653
129,0.0361798462045775
129.5,0.0359374580372712
130,0.0356973766652376
130.5,0.0354595745968379
131,0.0352240247188452
131.5,0.0349907002908657
132,0.0347595749398377
132.5,0.034530622654609
133,0.0343038177805899
133.5,0.0340791350144834
134,0.0338565493990902
134.5,0.0336360363181888
135,0.0334175714914894
135.5,0.0332011309696608
136,0.0329866911294299
136.5,0.0327742286687532
137,0.0325637206020582
137.5,0.0323551442555557
138,0.0321484772626213
138.5,0.0319436975592445
139,0.0317407833795468
139.5,0.0315397132513651
140,0.0313404659919026
140.5,0.0311430207034436
141,0.0309473567691333
141.5,0.0307534538488216
142,0.0305612918749683
142.5,0.0303708510486117
143,0.0301821118353971
143.5,0.0299950549616668
144,0.0298096614106082
144.5,0.0296259124184618
145,0.0294437894707862
145.5,0.029263274298781
146,0.0290843488756653
146.5,0.0289069954131119
147,0.0287311963577364
147.5,0.0285569343876405
148,0.0283841924090072
148.5,0.0282129535527505
149,0.0280432011712147
149.5,0.027874918834926
150,0.0277080903293937
150.5,0.0275426996519606
151,0.0273787310087031
151.5,0.0272161688113779
152,0.0270549976744171
152.5,0.0268952024119691
153,0.026736768034986
153.5,0.0265796797483558
154,0.0264239229480789
154.5,0.0262694832184887
155,0.0261163463295155
155.5,0.0259644982339927
156,0.0258139250650041
156.5,0.025664613133274
157,0.0255165489245964
157.5,0.0253697190973046
158,0.0252241104797804
158.5,0.0250797100680016
159,0.0249365050231276
159.5,0.0247944826691229
160,0.0246536304904169
160.5,0.0245139361296006
161,0.0243753873851583
161.5,0.0242379722092359
162,0.0241016787054417
162.5,0.0239664951266836
163,0.023832409873038
163.5,0.0236994114896528
164,0.0235674886646823
164.5,0.0234366302272547
165,0.0233068251454702
______________________________________________________


Vrijednosti Odabrane točke zadanog temelja
Z,i,Duzina temelja, Sirina temelja, Dubina mjerenja, Koordinata točke, Vrijeme
 , ,  44,33,16512.73:9.80 ,7/25/2020 7:09:01 PM
__________________
0,1
0.5,0.999504258496939
1,0.996263525794957
1.5,0.988512834237839
2,0.975844035209527
2.5,0.958925419526013
3,0.938944302646804
3.5,0.917135571506015
4,0.894526815683908
4.5,0.871863319893531
5,0.849631278420235
5.5,0.828116215287265
6,0.807463112047236
6.5,0.787725424744104
7,0.768900739144385
7.5,0.750954953524307
8,0.733837864502131
8.5,0.717492772663406
9,0.701862124155961
9.5,0.686890618918176
10,0.67252675212398
10.5,0.658723420269532
11,0.645437993485295
11.5,0.632632103153615
12,0.620271295115576
12.5,0.608324636020502
13,0.596764321319346
13.5,0.585565309629455
14,0.574704994132487
14.5,0.564162913673202
15,0.553920501960515
15.5,0.543960871240977
16,0.534268626080041
16.5,0.524829702867266
17,0.515631231005214
17.5,0.506661412240219
18,0.497909415128281
18.5,0.48936528213834
19,0.481019847348576
19.5,0.47286466307871
20,0.464891934122863
20.5,0.457094458509016
21,0.44946557392033
21.5,0.441999109079031
22,0.434689339523086
22.5,0.427530947306717
23,0.420518984233862
23.5,0.413648838294039
24,0.406916203016835
24.5,0.400317049497542
25,0.393847600875006
25.5,0.387504309065357
26,0.381283833573564
26.5,0.375183022219835
27,0.369198893630551
27.5,0.363328621354404
28,0.3575695194741
28.5,0.351919029592699
29,0.346374709081748
29.5,0.340934220485773
30,0.335595321984802
30.5,0.330355858823169
31,0.325213755619253
31.5,0.320167009476772
32,0.315213683824045
32.5,0.310351902913055
33,0.305579846915372
33.5,0.300895747556901
34,0.296297884238072
34.5,0.291784580590487
35,0.287354201425147
35.5,0.28300515003127
36,0.27873586578829
36.5,0.274544822057042
37,0.27043052431921
37.5,0.266391508537065
38,0.262426339708171
38.5,0.258533610592215
39,0.254711940589399
39.5,0.25095997475191
40,0.247276382911884
40.5,0.243659858911058
41,0.240109119918861
41.5,0.236622905827146
42,0.233199978711106
42.5,0.229839122347075
43,0.226539141778999
43.5,0.223298862926356
44,0.220117132227134
44.5,0.216992816310306
45,0.213924801692924
45.5,0.210911994497578
46,0.207953320186549
46.5,0.205047723309471
47,0.202194167261783
47.5,0.199391634051615
48,0.196639124073151
48.5,0.193935655884772
49,0.191280265990595
49.5,0.188672008624247
50,0.186109955533911
50.5,0.183593195767902
51,0.18112083546014
51.5,0.178691997615079
52,0.176305821891722
52.5,0.173961464386492
53,0.171658097414786
53.5,0.169394909291147
54,0.167171104108013
54.5,0.164985901513087
55,0.162838536485397
55.5,0.160728259110156
56,0.158654334352556
56.5,0.156616041830662
57,0.154612675587573
57.5,0.152643543863049
58,0.150707968864789
58.5,0.148805286539573
59,0.146934846344463
59.5,0.145096011018273
60,0.143288156353506
60.5,0.141510670968951
61,0.139762956083147
61.5,0.138044425288881
62,0.136354504328912
62.5,0.13469263087308
63,0.133058254296979
63.5,0.131450835462321
64,0.12986984649916
64.5,0.128314770590093
65,0.126785101756571
65.5,0.125280344647433
66,0.123800014329771
66.5,0.122343636082217
67,0.120910745190753
67.5,0.119500886747112
68,0.118113615449844
68.5,0.11674849540812
69,0.115405099948318
69.5,0.114083011423446
70,0.112781821025443
70.5,0.111501128600391
71,0.110240542466673
71.5,0.108999679236092
72,0.107778163637972
72.5,0.106575628346255
73,0.105391713809594
73.5,0.104226068084456
74,0.103078346671219
74.5,0.101948212353271
75,0.100835335039088
75.5,0.0997393916072891
76,0.0986600657546442
76.5,0.0975970478470183
77,0.0965500347732317
77.5,0.0955187298018078
78,0.0945028424405839
78.5,0.0935020882991567
79,0.0925161889541287
79.5,0.0915448718171271
80,0.090587870005557
80.5,0.0896449222160574
81,0.0887157726006203
81.5,0.0878001706453378
82,0.086897871051737
82.5,0.086008633620665
83,0.0851322231386827
83.5,0.0842684092669281
84,0.0834169664324076
84.5,0.082577673721675
85,0.0817503147768553
85.5,0.0809346776939737
86,0.0801305549235463
86.5,0.0793377431733921
87,0.0785560433136237
87.5,0.077785260283777
88,0.0770252030020356
88.5,0.0762756842765118
89,0.0755365207185413
89.5,0.0748075326579526
90,0.0740885440602696
90.5,0.0733793824458079
91,0.0726798788106263
91.5,0.0719898675492935
92,0.0713091863794318
92.5,0.0706376762680002
93,0.0699751813592792
93.5,0.0693215489045195
94,0.0686766291932197
94.5,0.068040275485996
95,0.0674123439490091
95.5,0.0667926935899128
96,0.0661811861952916
96.5,0.0655776862695524
97,0.0649820609752371
97.5,0.0643941800747258
98,0.0638139158732963
98.5,0.0632411431635097
99,0.0626757391708923
99.5,0.0621175835008826
100,0.061566558087014
100.5,0.061022547140306
101,0.0604854370998328
101.5,0.0599551165844447
102,0.059431476345613
102.5,0.0589144092213727
103,0.0584038100913375
103.5,0.0578995758327603
104,0.057401605277616
104.5,0.0569097991706814
105,0.0564240601285878
105.5,0.0559442925998252
106,0.0554704028256724
106.5,0.0550022988020338
107,0.0545398902421589
107.5,0.0540830885402241
108,0.0536318067357568
108.5,0.0531859594788806
109,0.0527454629963617
109.5,0.0523102350584382
110,0.0518801949464128
110.5,0.05145526342099
111,0.0510353626913412
111.5,0.0506204163848788
112,0.0502103495177227
112.5,0.0498050884658427
113,0.0494045609368602
113.5,0.0490086959424933
114,0.0486174237716298
114.5,0.048230675964013
115,0.0478483852845255
115.5,0.0474704856980562
116,0.0470969123449372
116.5,0.0467276015169361
117,0.0463624906337904
117.5,0.0460015182202718
118,0.0456446238837662
118.5,0.0452917482923583
119,0.0449428331534077
119.5,0.0445978211926054
120,0.0442566561334985
120.5,0.0439192826774726
121,0.0435856464841803
121.5,0.0432556941524049
122,0.0429293732013501
122.5,0.0426066320523443
123,0.0422874200109494
123.5,0.0419716872494662
124,0.0416593847898244
124.5,0.0413504644868508
125,0.0410448790119038
125.5,0.0407425818368681
126,0.0404435272184995
126.5,0.0401476701831113
127,0.0398549665115961
127.5,0.0395653727247723
128,0.0392788460690501
128.5,0.0389953445024078
129,0.0387148266806721
129.5,0.0384372519440948
130,0.0381625803042182
130.5,0.0378907724310249
131,0.0376217896403612
131.5,0.0373555938816327
132,0.0370921477257608
132.5,0.0368314143533982
133,0.036573357543394
133.5,0.0363179416615054
134,0.0360651316493479
134.5,0.0358148930135797
135,0.0355671918153157
135.5,0.0353219946597633
136,0.035079268686077
136.5,0.0348389815574266
137,0.0346011014512725
137.5,0.0343655970498455
138,0.0341324375308243
138.5,0.033901592558208
139,0.0336730322733779
139.5,0.0334467272863445
140,0.0332226486671767
140.5,0.0330007679376063
141,0.0327810570628073
141.5,0.0325634884433429
142,0.0323480349072789
142.5,0.0321346697024575
143,0.0319233664889299
143.5,0.0317140993315429
144,0.0315068426926759
144.5,0.0313015714251263
145,0.031098260765138
145.5,0.0308968863255718
146,0.0306974240892129
146.5,0.0304998504022134
147,0.0303041419676666
147.5,0.0301102758393097
148,0.029918229415353
148.5,0.0297279804324316
149,0.0295395069596784
149.5,0.0293527873929138
150,0.0291678004489516
150.5,0.0289845251600169
151,0.0288029408682744
151.5,0.0286230272204646
152,0.0284447641626449
152.5,0.028268131935035
153,0.0280931110669617
153.5,0.0279196823719033
154,0.0277478269426306
154.5,0.0275775261464418
155,0.0274087616204905
155.5,0.0272415152672033
156,0.0270757692497871
156.5,0.0269115059878217
157,0.0267487081529377
157.5,0.026587358664578
158,0.0264274406858392
158.5,0.0262689376193931
159,0.0261118331034862
159.5,0.0259561110080147
160,0.0258017554306746
160.5,0.025648750693184
161,0.0254970813375772
161.5,0.0253467321225691
162,0.025197688019987
162.5,0.0250499342112701
163,0.0249034560840344
163.5,0.0247582392287018
164,0.024614269435192
164.5,0.0244715326896759
165,0.0243300151713898
Vrijednosti Rubne točke zadanog temelja
Z,i,Duzina temelja, Sirina temelja, Dubina mjerenja, Vrijeme
 , ,  32,22,242,7/25/2020 7:09:37 PM
__________________
0,0.25
1,0.249988041356687
2,0.249904987858876
3,0.249682968688663
4,0.249260285643937
5,0.24858385000279
6,0.247610941472131
7,0.246310209703819
8,0.24466192602892
9,0.242657566691298
10,0.240298859896875
11,0.237596454332971
12,0.234568368586678
13,0.231238364678846
14,0.227634361680628
15,0.22378697369223
16,0.219728225518628
17,0.215490472535571
18,0.211105530146322
19,0.206604003196951
20,0.202014796189826
21,0.197364780109484
22,0.192678590020859
23,0.18797852825679
24,0.183284550093536
25,0.178614311640548
26,0.173983262762031
27,0.169404770887241
28,0.164890264366934
29,0.160449386500776
30,0.156090153462836
31,0.151819111096755
32,0.147641486968037
33,0.143561335187721
34,0.13958167240239
35,0.135704604021382
36,0.131931440260841
37,0.128262801959045
38,0.124698716385951
39,0.12123870345568
40,0.117881852872462
41,0.114626892813889
42,0.111472250792278
43,0.108416107345229
44,0.105456443197517
45,0.102591080514223
46,0.0998177188338289
47,0.0971339662333095
48,0.09453736623759
49,0.0920254209449325
50,0.0895956107992071
51,0.087245411400571
52,0.0849723077084184
53,0.0827738059550084
54,0.0806474435551474
55,0.0785907972668011
56,0.076601489829554
57,0.0746771952823602
58,0.0728156431389485
59,0.0710146215784101
60,0.0692719797897821
61,0.0675856295926738
62,0.0659535464410124
63,0.0643737699036546
64,0.0628444037037721
65,0.0613636153884239
66,0.0599296356904461
67,0.0585407576366015
68,0.0571953354487055
69,0.0558917832781015
70,0.054628573808275
71,0.0534042367555093
72,0.0522173572932019
73,0.0510665744217171
74,0.0499505793023832
75,0.0488681135713949
76,0.0478179676469028
77,0.0467989790404193
78,0.0458100306818023
79,0.0448500492654633
80,0.0439180036240477
81,0.0430129031346326
82,0.0421337961614505
83,0.0412797685382594
84,0.0404499420927173
85,0.0396434732144746
86,0.0388595514681403
87,0.0380973982518173
88,0.0373562655015061
89,0.0366354344413456
90,0.0359342143793885
91,0.0352519415483802
92,0.0345879779908255
93,0.033941710487477
94,0.0333125495282609
95,0.032699928324561
96,0.0321033018617125
97,0.0315221459905037
98,0.0309559565564494
99,0.0304042485655773
100,0.0298665553854572
101,0.0293424279802048
102,0.0288314341781954
103,0.0283331579712399
104,0.0278471988439935
105,0.0273731711323907
106,0.0269107034099292
107,0.0264594379006529
108,0.0260190299177197
109,0.0255891473264687
110,0.025169470030942
111,0.0247596894828459
112,0.0243595082119762
113,0.0239686393771664
114,0.0235868063368533
115,0.0232137422383886
116,0.0228491896252638
117,0.0224929000614433
118,0.0221446337720404
119,0.0218041592995982
120,0.0214712531752725
121,0.0211456996042407
122,0.0208272901646948
123,0.0205158235198
124,0.0202111051420324
125,0.0199129470493322
126,0.019621167552537
127,0.0193355910135826
128,0.0190560476139819
129,0.0187823731331173
130,0.0185144087358999
131,0.0182520007693733
132,0.017995000567856
133,0.017743264266238
134,0.0174966526210634
135,0.0172550308390491
136,0.0170182684127045
137,0.016786238962736
138,0.0165588200869302
139,0.0163358932152292
140,0.0161173434707201
141,0.015903059536278
142,0.0156929335266106
143,0.0154868608654665
144,0.0152847401677793
145,0.0150864731265316
146,0.0148919644041305
147,0.0147011215280992
148,0.0145138547908957
149,0.01433007715368
150,0.0141497041538586
151,0.0139726538162436
152,0.013798846567671
153,0.0136282051549295
154,0.0134606545658599
155,0.0132961219534874
156,0.0131345365630611
157,0.0129758296618764
158,0.0128199344717623
159,0.012666786104124
160,0.0125163214974311
161,0.0123684793570521
162,0.012223200097336
163,0.0120804257858488
164,0.011940100089676
165,0.0118021682237056
166,0.0116665769008119
167,0.0115332742838611
168,0.0114022099394658
169,0.0112733347934168
170,0.0111466010877256
171,0.0110219623392117
172,0.0108993732995737
173,0.010778789916885
174,0.0106601692984572
175,0.0105434696750174
176,0.0104286503661472
177,0.0103156717469342
178,0.0102044952157894
179,0.0100950831633826
180,0.00998739894265559
181,0.00988140683986886
182,0.00977707204664364
183,0.00967436063296024
184,0.00957323952107651
185,0.00947367646033128
186,0.00937564000279927
187,0.0092790994797652
188,0.00918402497898642
189,0.00909038732271438
190,0.00899815804644668
191,0.00890730937838246
192,0.00881781421955511
193,0.00872964612461732
194,0.00864277928325438
195,0.00855718850220282
196,0.00847284918785233
197,0.00838973732940953
198,0.00830782948260362
199,0.00822710275391394
200,0.00814753478530104
201,0.00806910373942306
202,0.00799178828532005
203,0.00791556758454984
204,0.00784042127775925
205,0.00776632947167536
206,0.00769327272650217
207,0.00762123204370834
208,0.00755018885419247
209,0.00748012500681278
210,0.0074110227572685
211,0.00734286475732105
212,0.00727563404434308
213,0.00720931403118441
214,0.00714388849634386
215,0.00707934157443674
216,0.00701565774694786
217,0.00695282183326059
218,0.00689081898195254
219,0.00682963466234908
220,0.00676925465632603
221,0.00670966505035321
222,0.00665085222777103
223,0.00659280286129227
224,0.00653550390572172
225,0.00647894259088662
226,0.00642310641477087
227,0.0063679831368466
228,0.00631356077159646
229,0.00625982758222076
230,0.00620677207452321
231,0.00615438299096989
232,0.00610264930491558
233,0.00605156021499239
234,0.00600110513965537
235,0.00595127371188034
236,0.00590205577400891
237,0.00585344137273625
238,0.00580542075423717
239,0.00575798435942607
240,0.00571112281934666
241,0.00566482695068758
242,0.00561908775141979
______________________________________________________


Vrijednosti Odabrane točke zadanog temelja
Z,i,Duzina temelja, Sirina temelja, Dubina mjerenja, Koordinata točke, Vrijeme
 , ,  32,22,24227.44:29.24 ,7/25/2020 7:09:37 PM
__________________
0,0
1,5.88570968890201E-06
2,4.6699194868105E-05
3,0.000155474119857113
4,0.000361628726129215
5,0.000689564727676728
6,0.00115768856672627
7,0.00177790146040682
8,0.00255554906253355
9,0.00348977515791421
10,0.00457419233404313
11,0.00579776782674657
12,0.00714582310199879
13,0.00860105743194212
14,0.0101445241641134
15,0.0117565092957009
16,0.0134172820542387
17,0.0151077043627867
18,0.0168096993542396
19,0.0185065883687019
20,0.020183311535425
21,0.0218265497930836
22,0.0234247667957653
23,0.0249681882877833
24,0.0264487347901609
25,0.0278599212691849
26,0.0291967351660266
27,0.0304555019596025
28,0.0316337454311592
29,0.0327300480557648
30,0.0337439154789196
31,0.03467564783598
32,0.0355262197136597
33,0.036297169805487
34,0.0369905007440403
35,0.0376085891706925
36,0.0381541058001306
37,0.038629945027377
38,0.039039163488594
39,0.0393849269063677
40,0.0396704645114537
41,0.0398990303249725
42,0.0400738705989657
43,0.0401981967422323
44,0.0402751630972231
45,0.0403078489785164
46,0.0402992444310843
47,0.0402522392150344
48,0.0401696145712506
49,0.0400540373682925
50,0.0399080562743635
51,0.0397340996386885
52,0.0395344748040509
53,0.0393113686064325
54,0.0390668488487354
55,0.0388028665635268
56,0.0385212589048092
57,0.038223752531155
58,0.0379119673623553
59,0.0375874206092372
60,0.0372515309916945
61,0.036905623073464
62,0.0365509316539533
63,0.0361886061676589
64,0.035819715050585
65,0.0354452500407251
66,0.0350661303862505
67,0.0346832069406821
68,0.0342972661291278
69,0.033909033773741
70,0.0335191787699999
71,0.0331283166082935
72,0.0327370127377117
73,0.0323457857709319
74,0.0319551105307311
75,0.0315654209399845
76,0.0311771127580798
77,0.0307905461675176
78,0.0304060482151225
79,0.0300239151127796
80,0.0296444144029651
81,0.0292677869945809
82,0.0288942490747481
83,0.0285239939022806
84,0.0281571934885618
85,0.0277940001714976
86,0.0274345480881249
87,0.0270789545513283
88,0.026727321335967
89,0.0263797358795393
90,0.026036272402327
91,0.0256969929517658
92,0.0253619483755826
93,0.0250311792280382
94,0.0247047166134029
95,0.0243825829705906
96,0.0240647928026724
97,0.0237513533547922
98,0.0234422652438163
99,0.0231375230428586
100,0.0228371158236451
101,0.0225410276595081
102,0.0222492380916335
103,0.0219617225610264
104,0.0216784528085098
105,0.021399397244927
106,0.0211245212935833
107,0.0208537877068309
108,0.0205871568585825
109,0.0203245870144216
110,0.0200660345808693
111,0.0198114543352661
112,0.0195607996376301
113,0.0193140226257627
114,0.0190710743947888
115,0.0188319051622379
116,0.018596464419699
117,0.0183647010720109
118,0.0181365635648851
119,0.0179120000017967
120,0.0176909582509228
121,0.0174733860428516
122,0.0172592310597374
123,0.0170484410165314
124,0.0168409637348695
125,0.0166367472101645
126,0.0164357396724057
127,0.0162378896411378
128,0.0160431459750563
129,0.0158514579166257
130,0.0156627751320993
131,0.0154770477472901
132,0.0152942263794219
133,0.0151142621653609
134,0.0149371067865116
135,0.0147627124906375
136,0.0145910321108499
137,0.0144220190819888
138,0.0142556274546081
139,0.0140918119067559
140,0.0139305277537318
141,0.0137717309559886
142,0.0136153781253322
143,0.0134614265295637
144,0.0133098340956971
145,0.0131605594118764
146,0.0130135617281051
147,0.0128688009558953
148,0.0127262376669336
149,0.0125858330908547
150,0.0124475491122078
151,0.0123113482666907
152,0.0121771937367271
153,0.0120450493464501
154,0.0119148795561556
155,0.0117866494562811
156,0.0116603247609621
157,0.0115358718012151
158,0.0114132575177914
159,0.0112924494537417
160,0.0111734157467311
161,0.0110561251211376
162,0.0109405468799669
163,0.0108266508966126
164,0.0107144076064888
165,0.0106037879985599
166,0.01049476360679
167,0.0103873065015333
168,0.0102813892808833
169,0.0101769850619996
170,0.0100740674724268
171,0.00997261064142074
172,0.00987258919129466
173,0.00977397822879734
174,0.00967675333653402
175,0.00958089056443967
176,0.00948636642131346
177,0.00939315786642222
178,0.00930124230117988
179,0.00921059756090937
180,0.00912120190669236
181,0.0090330340173118
182,0.00894607298129174
183,0.00886029828903814
184,0.00877568982508382
185,0.00869222786044066
186,0.0086098930450612
187,0.00852866640041179
188,0.00844852931215882
189,0.00836946352296946
190,0.00829145112542782
191,0.00821447455506733
192,0.00813851658351977
193,0.00806356031178122
194,0.00798958916359496
195,0.00791658687895117
196,0.00784453750770311
197,0.00777342540329923
198,0.00770323521663063
199,0.00763395188999315
200,0.00756556065116309
201,0.00749804700758566
202,0.00743139674067511
203,0.00736559590022528
204,0.00730063079892941
205,0.00723648800700798
206,0.00717315434694293
207,0.00711061688831729
208,0.00704886294275841
209,0.00698788005898348
210,0.00692765601794571
211,0.00686817882807979
212,0.00680943672064494
213,0.00675141814516392
214,0.00669411176495662
215,0.00663750645276638
216,0.00658159128647759
217,0.00652635554492296
218,0.0064717887037787
219,0.00641788043154627
220,0.00636462058561878
221,0.00631199920843076
222,0.00626000652368946
223,0.00620863293268627
224,0.0061578690106867
225,0.00610770550339721
226,0.00605813332350761
227,0.00600914354730731
228,0.00596072741137404
229,0.00591287630933355
230,0.00586558178868875
231,0.00581883554771702
232,0.00577262943243409
233,0.00572695543362325
234,0.0056818056839284
235,0.00563717245500971
236,0.00559304815476038
237,0.00554942532458344
238,0.00550629663672705
239,0.00546365489167726
240,0.00542149301560682
241,0.0053798040578789
242,0.00533858118860459
